"filename", "language", "Python", "Markdown", "toml", "PostCSS", "HTML", "YAML", "Shell Script", "JSON", "Properties", "comment", "blank", "total"
"/Users/fangshuai/Documents/GitHub/option-qt/.trunk/configs/.isort.cfg", "Properties", 0, 0, 0, 0, 0, 0, 0, 0, 2, 0, 1, 3
"/Users/fangshuai/Documents/GitHub/option-qt/.trunk/configs/.markdownlint.yaml", "YAML", 0, 0, 0, 0, 0, 1, 0, 0, 0, 1, 1, 3
"/Users/fangshuai/Documents/GitHub/option-qt/.trunk/trunk.yaml", "YAML", 0, 0, 0, 0, 0, 33, 0, 0, 0, 5, 1, 39
"/Users/fangshuai/Documents/GitHub/option-qt/check_db_parity_direct.py", "Python", 30, 0, 0, 0, 0, 0, 0, 0, 0, 7, 11, 48
"/Users/fangshuai/Documents/GitHub/option-qt/compare_iv_30min.py", "Python", 49, 0, 0, 0, 0, 0, 0, 0, 0, 3, 15, 67
"/Users/fangshuai/Documents/GitHub/option-qt/convert_resume.py", "Python", 30, 0, 0, 0, 0, 0, 0, 0, 0, 56, 5, 91
"/Users/fangshuai/Documents/GitHub/option-qt/daily_trade_logs.md", "Markdown", 0, 53, 0, 0, 0, 0, 0, 0, 0, 0, 7, 60
"/Users/fangshuai/Documents/GitHub/option-qt/debug_imports.py", "Python", 20, 0, 0, 0, 0, 0, 0, 0, 0, 0, 5, 25
"/Users/fangshuai/Documents/GitHub/option-qt/implementation_plan.md", "Markdown", 0, 32, 0, 0, 0, 0, 0, 0, 0, 0, 13, 45
"/Users/fangshuai/Documents/GitHub/option-qt/investigate_iv_factors.py", "Python", 23, 0, 0, 0, 0, 0, 0, 0, 0, 2, 6, 31
"/Users/fangshuai/Documents/GitHub/option-qt/production/CONFIG/fast_feature.json", "JSON", 0, 0, 0, 0, 0, 0, 0, 94, 0, 0, 38, 132
"/Users/fangshuai/Documents/GitHub/option-qt/production/CONFIG/feature_all.json", "JSON", 0, 0, 0, 0, 0, 0, 0, 445, 0, 0, 5, 450
"/Users/fangshuai/Documents/GitHub/option-qt/production/CONFIG/slow_feature.json", "JSON", 0, 0, 0, 0, 0, 0, 0, 98, 0, 0, 8, 106
"/Users/fangshuai/Documents/GitHub/option-qt/production/SHELL/menu.md", "Markdown", 0, 8, 0, 0, 0, 0, 0, 0, 0, 0, 0, 8
"/Users/fangshuai/Documents/GitHub/option-qt/production/SHELL/quant_system.sh", "Shell Script", 0, 0, 0, 0, 0, 0, 218, 0, 0, 28, 31, 277
"/Users/fangshuai/Documents/GitHub/option-qt/production/SHELL/reset_redis_offset.py", "Python", 27, 0, 0, 0, 0, 0, 0, 0, 0, 8, 8, 43
"/Users/fangshuai/Documents/GitHub/option-qt/production/SHELL/start_quant_system.sh", "Shell Script", 0, 0, 0, 0, 0, 0, 83, 0, 0, 28, 22, 133
"/Users/fangshuai/Documents/GitHub/option-qt/production/SHELL/stop_quant_system.sh", "Shell Script", 0, 0, 0, 0, 0, 0, 18, 0, 0, 3, 5, 26
"/Users/fangshuai/Documents/GitHub/option-qt/production/architecture_v8_CN.md", "Markdown", 0, 62, 0, 0, 0, 0, 0, 0, 0, 0, 18, 80
"/Users/fangshuai/Documents/GitHub/option-qt/production/baseline/DAO/dashboard_monitor_ultimate.py", "Python", 585, 0, 0, 0, 0, 0, 0, 0, 0, 1370, 21, 1976
"/Users/fangshuai/Documents/GitHub/option-qt/production/baseline/DAO/data_persistence_service_v8_pg.py", "Python", 278, 0, 0, 0, 0, 0, 0, 0, 0, 297, 10, 585
"/Users/fangshuai/Documents/GitHub/option-qt/production/baseline/DAO/data_persistence_service_v8_sqlite.py", "Python", 396, 0, 0, 0, 0, 0, 0, 0, 0, 69, 84, 549
"/Users/fangshuai/Documents/GitHub/option-qt/production/baseline/DAO/extract_and_lock_contracts.py", "Python", 103, 0, 0, 0, 0, 0, 0, 0, 0, 26, 29, 158
"/Users/fangshuai/Documents/GitHub/option-qt/production/baseline/DAO/feature_compute_service_v8.py", "Python", 1888, 0, 0, 0, 0, 0, 0, 0, 0, 412, 329, 2629
"/Users/fangshuai/Documents/GitHub/option-qt/production/baseline/DAO/feature_compute_service_v8_1m.py", "Python", 972, 0, 0, 0, 0, 0, 0, 0, 0, 414, 222, 1608
"/Users/fangshuai/Documents/GitHub/option-qt/production/baseline/DAO/feature_compute_service_v8_raw.py", "Python", 1475, 0, 0, 0, 0, 0, 0, 0, 0, 471, 325, 2271
"/Users/fangshuai/Documents/GitHub/option-qt/production/baseline/DAO/fix_indent.py", "Python", 24, 0, 0, 0, 0, 0, 0, 0, 0, 4, 6, 34
"/Users/fangshuai/Documents/GitHub/option-qt/production/baseline/DAO/ibkr_connector_v8.py", "Python", 740, 0, 0, 0, 0, 0, 0, 0, 0, 219, 192, 1151
"/Users/fangshuai/Documents/GitHub/option-qt/production/baseline/DAO/migrate_stocks.py", "Python", 65, 0, 0, 0, 0, 0, 0, 0, 0, 5, 12, 82
"/Users/fangshuai/Documents/GitHub/option-qt/production/baseline/DAO/migrate_stocks_v8.py", "Python", 108, 0, 0, 0, 0, 0, 0, 0, 0, 22, 19, 149
"/Users/fangshuai/Documents/GitHub/option-qt/production/baseline/DAO/realtime_feature_engine.py", "Python", 723, 0, 0, 0, 0, 0, 0, 0, 0, 134, 186, 1043
"/Users/fangshuai/Documents/GitHub/option-qt/production/baseline/DAO/test.md", "Markdown", 0, 19, 0, 0, 0, 0, 0, 0, 0, 0, 10, 29
"/Users/fangshuai/Documents/GitHub/option-qt/production/baseline/DAO/test_pg_partition.py", "Python", 28, 0, 0, 0, 0, 0, 0, 0, 0, 2, 7, 37
"/Users/fangshuai/Documents/GitHub/option-qt/production/baseline/audit_signal_vs_truth.py", "Python", 157, 0, 0, 0, 0, 0, 0, 0, 0, 26, 37, 220
"/Users/fangshuai/Documents/GitHub/option-qt/production/baseline/compare_regimes.py", "Python", 77, 0, 0, 0, 0, 0, 0, 0, 0, 19, 19, 115
"/Users/fangshuai/Documents/GitHub/option-qt/production/baseline/config.py", "Python", 108, 0, 0, 0, 0, 0, 0, 0, 0, 55, 31, 194
"/Users/fangshuai/Documents/GitHub/option-qt/production/baseline/execution_engine_v8.py", "Python", 538, 0, 0, 0, 0, 0, 0, 0, 0, 93, 147, 778
"/Users/fangshuai/Documents/GitHub/option-qt/production/baseline/execution_engine_v8_dual_backup.py", "Python", 474, 0, 0, 0, 0, 0, 0, 0, 0, 93, 135, 702
"/Users/fangshuai/Documents/GitHub/option-qt/production/baseline/liquidity_rules.py", "Python", 47, 0, 0, 0, 0, 0, 0, 0, 0, 19, 15, 81
"/Users/fangshuai/Documents/GitHub/option-qt/production/baseline/orchestrator_accounting.py", "Python", 219, 0, 0, 0, 0, 0, 0, 0, 0, 27, 52, 298
"/Users/fangshuai/Documents/GitHub/option-qt/production/baseline/orchestrator_execution.py", "Python", 450, 0, 0, 0, 0, 0, 0, 0, 0, 22, 101, 573
"/Users/fangshuai/Documents/GitHub/option-qt/production/baseline/orchestrator_reconciler.py", "Python", 71, 0, 0, 0, 0, 0, 0, 0, 0, 29, 22, 122
"/Users/fangshuai/Documents/GitHub/option-qt/production/baseline/orchestrator_state_manager.py", "Python", 230, 0, 0, 0, 0, 0, 0, 0, 0, 33, 58, 321
"/Users/fangshuai/Documents/GitHub/option-qt/production/baseline/parity_execution_notes.md", "Markdown", 0, 137, 0, 0, 0, 0, 0, 0, 0, 0, 75, 212
"/Users/fangshuai/Documents/GitHub/option-qt/production/baseline/regime_guard_report.md", "Markdown", 0, 33, 0, 0, 0, 0, 0, 0, 0, 0, 9, 42
"/Users/fangshuai/Documents/GitHub/option-qt/production/baseline/run_live_exec.py", "Python", 53, 0, 0, 0, 0, 0, 0, 0, 0, 6, 14, 73
"/Users/fangshuai/Documents/GitHub/option-qt/production/baseline/run_live_orchestrator.py", "Python", 67, 0, 0, 0, 0, 0, 0, 0, 0, 19, 17, 103
"/Users/fangshuai/Documents/GitHub/option-qt/production/baseline/run_live_signal.py", "Python", 62, 0, 0, 0, 0, 0, 0, 0, 0, 6, 15, 83
"/Users/fangshuai/Documents/GitHub/option-qt/production/baseline/s4_run_historical_replay_stable_1s.py", "Python", 192, 0, 0, 0, 0, 0, 0, 0, 0, 31, 45, 268
"/Users/fangshuai/Documents/GitHub/option-qt/production/baseline/s4_run_historical_replay_stable_s1.py", "Python", 192, 0, 0, 0, 0, 0, 0, 0, 0, 31, 45, 268
"/Users/fangshuai/Documents/GitHub/option-qt/production/baseline/s4_run_historical_replay_stable_s2.py", "Python", 224, 0, 0, 0, 0, 0, 0, 0, 0, 29, 49, 302
"/Users/fangshuai/Documents/GitHub/option-qt/production/baseline/s4_run_historical_replay_stable_s2_dual_backup.py", "Python", 223, 0, 0, 0, 0, 0, 0, 0, 0, 29, 49, 301
"/Users/fangshuai/Documents/GitHub/option-qt/production/baseline/signal_engine_v8.py", "Python", 1666, 0, 0, 0, 0, 0, 0, 0, 0, 347, 395, 2408
"/Users/fangshuai/Documents/GitHub/option-qt/production/baseline/signal_engine_v8_dual_backup.py", "Python", 1648, 0, 0, 0, 0, 0, 0, 0, 0, 349, 395, 2392
"/Users/fangshuai/Documents/GitHub/option-qt/production/baseline/strategy_config.py", "Python", 109, 0, 0, 0, 0, 0, 0, 0, 0, 29, 24, 162
"/Users/fangshuai/Documents/GitHub/option-qt/production/baseline/strategy_config0.py", "Python", 109, 0, 0, 0, 0, 0, 0, 0, 0, 28, 26, 163
"/Users/fangshuai/Documents/GitHub/option-qt/production/baseline/strategy_core_v0.py", "Python", 281, 0, 0, 0, 0, 0, 0, 0, 0, 105, 104, 490
"/Users/fangshuai/Documents/GitHub/option-qt/production/baseline/strategy_core_v1.py", "Python", 244, 0, 0, 0, 0, 0, 0, 0, 0, 29, 41, 314
"/Users/fangshuai/Documents/GitHub/option-qt/production/baseline/strategy_core_v2.py", "Python", 216, 0, 0, 0, 0, 0, 0, 0, 0, 20, 40, 276
"/Users/fangshuai/Documents/GitHub/option-qt/production/baseline/system_orchestrator_v8.py", "Python", 1369, 0, 0, 0, 0, 0, 0, 0, 0, 299, 331, 1999
"/Users/fangshuai/Documents/GitHub/option-qt/production/baseline/verify_dual_engine.py", "Python", 133, 0, 0, 0, 0, 0, 0, 0, 0, 4, 14, 151
"/Users/fangshuai/Documents/GitHub/option-qt/production/baseline/verify_dual_engine_1s.py", "Python", 194, 0, 0, 0, 0, 0, 0, 0, 0, 26, 41, 261
"/Users/fangshuai/Documents/GitHub/option-qt/production/baseline/verify_parity_raw.py", "Python", 301, 0, 0, 0, 0, 0, 0, 0, 0, 11, 59, 371
"/Users/fangshuai/Documents/GitHub/option-qt/production/baseline/verify_parity_thresholds.py", "Python", 153, 0, 0, 0, 0, 0, 0, 0, 0, 2, 31, 186
"/Users/fangshuai/Documents/GitHub/option-qt/production/check_db_states.py", "Python", 32, 0, 0, 0, 0, 0, 0, 0, 0, 0, 8, 40
"/Users/fangshuai/Documents/GitHub/option-qt/production/check_dupes.py", "Python", 27, 0, 0, 0, 0, 0, 0, 0, 0, 2, 6, 35
"/Users/fangshuai/Documents/GitHub/option-qt/production/check_positions.py", "Python", 25, 0, 0, 0, 0, 0, 0, 0, 0, 0, 5, 30
"/Users/fangshuai/Documents/GitHub/option-qt/production/cleanup_last_week.py", "Python", 38, 0, 0, 0, 0, 0, 0, 0, 0, 10, 9, 57
"/Users/fangshuai/Documents/GitHub/option-qt/production/get_pg_uri.py", "Python", 4, 0, 0, 0, 0, 0, 0, 0, 0, 1, 1, 6
"/Users/fangshuai/Documents/GitHub/option-qt/production/history_replay/clean_replay_db.py", "Python", 40, 0, 0, 0, 0, 0, 0, 0, 0, 7, 14, 61
"/Users/fangshuai/Documents/GitHub/option-qt/production/history_replay/migrate_alpha_sqlite_to_pg.py", "Python", 29, 0, 0, 0, 0, 0, 0, 0, 0, 126, 10, 165
"/Users/fangshuai/Documents/GitHub/option-qt/production/history_replay/mock_ibkr_historical.py", "Python", 596, 0, 0, 0, 0, 0, 0, 0, 0, 93, 148, 837
"/Users/fangshuai/Documents/GitHub/option-qt/production/history_replay/mock_ibkr_historical_1s.py", "Python", 556, 0, 0, 0, 0, 0, 0, 0, 0, 86, 136, 778
"/Users/fangshuai/Documents/GitHub/option-qt/production/history_replay/replay_driver_raw_1m.py", "Python", 223, 0, 0, 0, 0, 0, 0, 0, 0, 20, 57, 300
"/Users/fangshuai/Documents/GitHub/option-qt/production/history_replay/replay_driver_s5_parquet copy.py", "Python", 162, 0, 0, 0, 0, 0, 0, 0, 0, 34, 44, 240
"/Users/fangshuai/Documents/GitHub/option-qt/production/history_replay/replay_driver_s5_parquet.py", "Python", 168, 0, 0, 0, 0, 0, 0, 0, 0, 37, 43, 248
"/Users/fangshuai/Documents/GitHub/option-qt/production/history_replay/replay_driver_s5_second.py", "Python", 87, 0, 0, 0, 0, 0, 0, 0, 0, 12, 22, 121
"/Users/fangshuai/Documents/GitHub/option-qt/production/history_replay/replay_driver_sqlite.py", "Python", 152, 0, 0, 0, 0, 0, 0, 0, 0, 16, 35, 203
"/Users/fangshuai/Documents/GitHub/option-qt/production/history_replay/test.md", "Markdown", 0, 23, 0, 0, 0, 0, 0, 0, 0, 0, 6, 29
"/Users/fangshuai/Documents/GitHub/option-qt/production/ibkr.py", "Python", 202, 0, 0, 0, 0, 0, 0, 0, 0, 84, 69, 355
"/Users/fangshuai/Documents/GitHub/option-qt/production/list_db_tables.py", "Python", 15, 0, 0, 0, 0, 0, 0, 0, 0, 0, 3, 18
"/Users/fangshuai/Documents/GitHub/option-qt/production/model/backtest_ic_verifier.py", "Python", 103, 0, 0, 0, 0, 0, 0, 0, 0, 26, 25, 154
"/Users/fangshuai/Documents/GitHub/option-qt/production/model/slow_feature.json", "JSON", 0, 0, 0, 0, 0, 0, 0, 96, 0, 0, 4, 100
"/Users/fangshuai/Documents/GitHub/option-qt/production/model/trading_tft_stock_embed.py", "Python", 641, 0, 0, 0, 0, 0, 0, 0, 0, 102, 171, 914
"/Users/fangshuai/Documents/GitHub/option-qt/production/model/trading_tft_stock_embed_event.py", "Python", 685, 0, 0, 0, 0, 0, 0, 0, 0, 112, 185, 982
"/Users/fangshuai/Documents/GitHub/option-qt/production/model/trading_tft_stock_embed_option.py", "Python", 656, 0, 0, 0, 0, 0, 0, 0, 0, 102, 170, 928
"/Users/fangshuai/Documents/GitHub/option-qt/production/model/trading_tft_stock_embed_ret_cost.py", "Python", 628, 0, 0, 0, 0, 0, 0, 0, 0, 113, 174, 915
"/Users/fangshuai/Documents/GitHub/option-qt/production/preprocess/ask_bid/apply_rolling_norm_standalone.py", "Python", 175, 0, 0, 0, 0, 0, 0, 0, 0, 62, 62, 299
"/Users/fangshuai/Documents/GitHub/option-qt/production/preprocess/ask_bid/apply_rolling_norm_standalone_res_cost.py", "Python", 175, 0, 0, 0, 0, 0, 0, 0, 0, 62, 62, 299
"/Users/fangshuai/Documents/GitHub/option-qt/production/preprocess/ask_bid/feature_merge_option_raw.py", "Python", 2105, 0, 0, 0, 0, 0, 0, 0, 0, 945, 796, 3846
"/Users/fangshuai/Documents/GitHub/option-qt/production/preprocess/ask_bid/feature_merge_option_raw_returen_cost.py", "Python", 2219, 0, 0, 0, 0, 0, 0, 0, 0, 950, 843, 4012
"/Users/fangshuai/Documents/GitHub/option-qt/production/preprocess/ask_bid/iv_day2month.py", "Python", 116, 0, 0, 0, 0, 0, 0, 0, 0, 23, 31, 170
"/Users/fangshuai/Documents/GitHub/option-qt/production/preprocess/ask_bid/iv_day2month_spnq.py", "Python", 144, 0, 0, 0, 0, 0, 0, 0, 0, 31, 42, 217
"/Users/fangshuai/Documents/GitHub/option-qt/production/preprocess/ask_bid/option_cac_day_vectorized_day.py", "Python", 368, 0, 0, 0, 0, 0, 0, 0, 0, 63, 97, 528
"/Users/fangshuai/Documents/GitHub/option-qt/production/preprocess/ask_bid/options_locked_feature.py", "Python", 129, 0, 0, 0, 0, 0, 0, 0, 0, 50, 43, 222
"/Users/fangshuai/Documents/GitHub/option-qt/production/preprocess/ask_bid/s0_create_slow_channel_lmdb_alpha.py", "Python", 285, 0, 0, 0, 0, 0, 0, 0, 0, 56, 89, 430
"/Users/fangshuai/Documents/GitHub/option-qt/production/preprocess/ask_bid/s0_create_slow_channel_lmdb_alpha_option.py", "Python", 312, 0, 0, 0, 0, 0, 0, 0, 0, 34, 86, 432
"/Users/fangshuai/Documents/GitHub/option-qt/production/preprocess/ask_bid/s0_create_slow_channel_lmdb_alpha_ret_cost.py", "Python", 285, 0, 0, 0, 0, 0, 0, 0, 0, 56, 89, 430
"/Users/fangshuai/Documents/GitHub/option-qt/production/preprocess/ask_bid/split_raw_features.py", "Python", 118, 0, 0, 0, 0, 0, 0, 0, 0, 30, 32, 180
"/Users/fangshuai/Documents/GitHub/option-qt/production/preprocess/ask_bid/split_raw_features_ret_cost.py", "Python", 109, 0, 0, 0, 0, 0, 0, 0, 0, 30, 32, 171
"/Users/fangshuai/Documents/GitHub/option-qt/production/preprocess/backtest/PGSQL/s1_seed_option_snapshots_pg_daily.py", "Python", 63, 0, 0, 0, 0, 0, 0, 0, 0, 256, 13, 332
"/Users/fangshuai/Documents/GitHub/option-qt/production/preprocess/backtest/PGSQL/s1_seed_option_snapshots_sqlite_1s.py", "Python", 54, 0, 0, 0, 0, 0, 0, 0, 0, 278, 12, 344
"/Users/fangshuai/Documents/GitHub/option-qt/production/preprocess/backtest/PGSQL/s2_run_realtime_replay_pg.py", "Python", 360, 0, 0, 0, 0, 0, 0, 0, 0, 55, 84, 499
"/Users/fangshuai/Documents/GitHub/option-qt/production/preprocess/backtest/PGSQL/s2_run_realtime_replay_sqlite_1m.py", "Python", 370, 0, 0, 0, 0, 0, 0, 0, 0, 45, 82, 497
"/Users/fangshuai/Documents/GitHub/option-qt/production/preprocess/backtest/PGSQL/s3_convert_db_to_parquet_1m.py", "Python", 176, 0, 0, 0, 0, 0, 0, 0, 0, 35, 43, 254
"/Users/fangshuai/Documents/GitHub/option-qt/production/preprocess/backtest/PGSQL/s3_convert_db_to_parquet_1s.py", "Python", 181, 0, 0, 0, 0, 0, 0, 0, 0, 48, 52, 281
"/Users/fangshuai/Documents/GitHub/option-qt/production/preprocess/backtest/PGSQL/s3_convert_pgsql_to_parquet.py", "Python", 187, 0, 0, 0, 0, 0, 0, 0, 0, 47, 53, 287
"/Users/fangshuai/Documents/GitHub/option-qt/production/preprocess/backtest/PGSQL/s3_convert_pgsql_to_parquet_1m.py", "Python", 187, 0, 0, 0, 0, 0, 0, 0, 0, 47, 53, 287
"/Users/fangshuai/Documents/GitHub/option-qt/production/preprocess/backtest/minute/alpha_selection_lab.py", "Python", 80, 0, 0, 0, 0, 0, 0, 0, 0, 18, 20, 118
"/Users/fangshuai/Documents/GitHub/option-qt/production/preprocess/backtest/minute/alpha_selection_lab_v2.py", "Python", 135, 0, 0, 0, 0, 0, 0, 0, 0, 25, 30, 190
"/Users/fangshuai/Documents/GitHub/option-qt/production/preprocess/backtest/minute/alpha_selection_lab_v3.py", "Python", 120, 0, 0, 0, 0, 0, 0, 0, 0, 18, 30, 168
"/Users/fangshuai/Documents/GitHub/option-qt/production/preprocess/backtest/minute/patch_sqlite_roc.py", "Python", 49, 0, 0, 0, 0, 0, 0, 0, 0, 5, 13, 67
"/Users/fangshuai/Documents/GitHub/option-qt/production/preprocess/backtest/minute/s1_seed_option_snapshots_sqlite_1m.py", "Python", 293, 0, 0, 0, 0, 0, 0, 0, 0, 25, 70, 388
"/Users/fangshuai/Documents/GitHub/option-qt/production/preprocess/backtest/minute/s2_run_realtime_replay_sqlite_s1.py", "Python", 377, 0, 0, 0, 0, 0, 0, 0, 0, 47, 84, 508
"/Users/fangshuai/Documents/GitHub/option-qt/production/preprocess/backtest/minute/s2_run_realtime_replay_sqlite_s2.py", "Python", 386, 0, 0, 0, 0, 0, 0, 0, 0, 45, 83, 514
"/Users/fangshuai/Documents/GitHub/option-qt/production/preprocess/backtest/minute/s3_convert_db_to_parquet_1m.py", "Python", 176, 0, 0, 0, 0, 0, 0, 0, 0, 35, 43, 254
"/Users/fangshuai/Documents/GitHub/option-qt/production/preprocess/backtest/minute/s4_run_continuous_backtest_v8.py", "Python", 123, 0, 0, 0, 0, 0, 0, 0, 0, 27, 37, 187
"/Users/fangshuai/Documents/GitHub/option-qt/production/preprocess/backtest/minute/s4_run_historical_replay_parquet.py", "Python", 182, 0, 0, 0, 0, 0, 0, 0, 0, 54, 41, 277
"/Users/fangshuai/Documents/GitHub/option-qt/production/preprocess/backtest/minute/s4_run_historical_replay_s2.py", "Python", 226, 0, 0, 0, 0, 0, 0, 0, 0, 57, 58, 341
"/Users/fangshuai/Documents/GitHub/option-qt/production/preprocess/backtest/minute/s4_run_historical_replay_s2_parquet.py", "Python", 137, 0, 0, 0, 0, 0, 0, 0, 0, 20, 33, 190
"/Users/fangshuai/Documents/GitHub/option-qt/production/preprocess/backtest/minute/s5_verify_and_report_alpha3.py", "Python", 147, 0, 0, 0, 0, 0, 0, 0, 0, 12, 30, 189
"/Users/fangshuai/Documents/GitHub/option-qt/production/preprocess/backtest/second/debug_iv_nvda_standaloneV2.py", "Python", 59, 0, 0, 0, 0, 0, 0, 0, 0, 10, 15, 84
"/Users/fangshuai/Documents/GitHub/option-qt/production/preprocess/backtest/second/debug_iv_time_sweep.py", "Python", 56, 0, 0, 0, 0, 0, 0, 0, 0, 6, 18, 80
"/Users/fangshuai/Documents/GitHub/option-qt/production/preprocess/backtest/second/debug_nvda_parity_mac.py", "Python", 68, 0, 0, 0, 0, 0, 0, 0, 0, 13, 23, 104
"/Users/fangshuai/Documents/GitHub/option-qt/production/preprocess/backtest/second/debug_parity_audit.py", "Python", 0, 0, 0, 0, 0, 0, 0, 0, 0, 0, 1, 1
"/Users/fangshuai/Documents/GitHub/option-qt/production/preprocess/backtest/second/debug_parity_audit_v9.py", "Python", 92, 0, 0, 0, 0, 0, 0, 0, 0, 20, 29, 141
"/Users/fangshuai/Documents/GitHub/option-qt/production/preprocess/backtest/second/s1_seed_option_snapshots_sqlite_1s.py", "Python", 54, 0, 0, 0, 0, 0, 0, 0, 0, 306, 12, 372
"/Users/fangshuai/Documents/GitHub/option-qt/production/preprocess/backtest/second/s2_run_realtime_replay_sqlite_1s.py", "Python", 700, 0, 0, 0, 0, 0, 0, 0, 0, 81, 166, 947
"/Users/fangshuai/Documents/GitHub/option-qt/production/preprocess/backtest/second/s3_convert_db_to_parquet_1s.py", "Python", 181, 0, 0, 0, 0, 0, 0, 0, 0, 48, 52, 281
"/Users/fangshuai/Documents/GitHub/option-qt/production/preprocess/backtest/second/test_import.py", "Python", 13, 0, 0, 0, 0, 0, 0, 0, 0, 0, 3, 16
"/Users/fangshuai/Documents/GitHub/option-qt/production/preprocess/backtest/tools/analyze_amzn_0106.py", "Python", 27, 0, 0, 0, 0, 0, 0, 0, 0, 5, 13, 45
"/Users/fangshuai/Documents/GitHub/option-qt/production/preprocess/backtest/tools/analyze_amzn_full_0106.py", "Python", 0, 0, 0, 0, 0, 0, 0, 0, 0, 0, 1, 1
"/Users/fangshuai/Documents/GitHub/option-qt/production/preprocess/backtest/tools/analyze_nvda_0106.py", "Python", 21, 0, 0, 0, 0, 0, 0, 0, 0, 0, 4, 25
"/Users/fangshuai/Documents/GitHub/option-qt/production/preprocess/backtest/tools/analyze_signals_0106.py", "Python", 23, 0, 0, 0, 0, 0, 0, 0, 0, 10, 10, 43
"/Users/fangshuai/Documents/GitHub/option-qt/production/preprocess/backtest/tools/analyze_signals_0106_v2.py", "Python", 22, 0, 0, 0, 0, 0, 0, 0, 0, 2, 9, 33
"/Users/fangshuai/Documents/GitHub/option-qt/production/preprocess/backtest/tools/analyze_signals_0106_v3.py", "Python", 125, 0, 0, 0, 0, 0, 0, 0, 0, 1, 13, 139
"/Users/fangshuai/Documents/GitHub/option-qt/production/preprocess/backtest/tools/batch_backtest_stats.py", "Python", 43, 0, 0, 0, 0, 0, 0, 0, 0, 4, 11, 58
"/Users/fangshuai/Documents/GitHub/option-qt/production/preprocess/backtest/tools/bug_impact_test.py", "Python", 45, 0, 0, 0, 0, 0, 0, 0, 0, 14, 15, 74
"/Users/fangshuai/Documents/GitHub/option-qt/production/preprocess/backtest/tools/check_giants_0106.py", "Python", 20, 0, 0, 0, 0, 0, 0, 0, 0, 4, 9, 33
"/Users/fangshuai/Documents/GitHub/option-qt/production/preprocess/backtest/tools/check_giants_0106_v2.py", "Python", 21, 0, 0, 0, 0, 0, 0, 0, 0, 0, 7, 28
"/Users/fangshuai/Documents/GitHub/option-qt/production/preprocess/backtest/tools/download_options_quotes.py", "Python", 99, 0, 0, 0, 0, 0, 0, 0, 0, 27, 29, 155
"/Users/fangshuai/Documents/GitHub/option-qt/production/preprocess/backtest/tools/download_s3_and_process_2026.py", "Python", 244, 0, 0, 0, 0, 0, 0, 0, 0, 48, 69, 361
"/Users/fangshuai/Documents/GitHub/option-qt/production/preprocess/backtest/tools/final_parity_check.py", "Python", 23, 0, 0, 0, 0, 0, 0, 0, 0, 1, 7, 31
"/Users/fangshuai/Documents/GitHub/option-qt/production/preprocess/backtest/tools/iv_day2month_spnq_2026.py", "Python", 147, 0, 0, 0, 0, 0, 0, 0, 0, 31, 42, 220
"/Users/fangshuai/Documents/GitHub/option-qt/production/preprocess/backtest/tools/multi_day_stop_loss_grid.py", "Python", 244, 0, 0, 0, 0, 0, 0, 0, 0, 26, 41, 311
"/Users/fangshuai/Documents/GitHub/option-qt/production/preprocess/backtest/tools/option_cac_day_vectorized_backtest.py", "Python", 380, 0, 0, 0, 0, 0, 0, 0, 0, 62, 104, 546
"/Users/fangshuai/Documents/GitHub/option-qt/production/preprocess/backtest/tools/overflow_comparison.py", "Python", 112, 0, 0, 0, 0, 0, 0, 0, 0, 8, 12, 132
"/Users/fangshuai/Documents/GitHub/option-qt/production/preprocess/backtest/tools/plan_a.py", "Python", 134, 0, 0, 0, 0, 0, 0, 0, 0, 6, 25, 165
"/Users/fangshuai/Documents/GitHub/option-qt/production/preprocess/backtest/tools/plan_a_fine_tune.py", "Python", 265, 0, 0, 0, 0, 0, 0, 0, 0, 31, 61, 357
"/Users/fangshuai/Documents/GitHub/option-qt/production/preprocess/backtest/tools/plan_a_golden_baseline.py", "Python", 92, 0, 0, 0, 0, 0, 0, 0, 0, 5, 15, 112
"/Users/fangshuai/Documents/GitHub/option-qt/production/preprocess/backtest/tools/quick_check_plan_a.py", "Python", 31, 0, 0, 0, 0, 0, 0, 0, 0, 2, 9, 42
"/Users/fangshuai/Documents/GitHub/option-qt/production/preprocess/backtest/tools/quick_check_plan_a_v2.py", "Python", 29, 0, 0, 0, 0, 0, 0, 0, 0, 2, 8, 39
"/Users/fangshuai/Documents/GitHub/option-qt/production/preprocess/backtest/tools/quick_check_plan_a_v3.py", "Python", 29, 0, 0, 0, 0, 0, 0, 0, 0, 1, 8, 38
"/Users/fangshuai/Documents/GitHub/option-qt/production/preprocess/backtest/tools/rigorous_bt_suite_v3.py", "Python", 108, 0, 0, 0, 0, 0, 0, 0, 0, 10, 19, 137
"/Users/fangshuai/Documents/GitHub/option-qt/production/preprocess/backtest/tools/run_batch_s4.py", "Python", 110, 0, 0, 0, 0, 0, 0, 0, 0, 21, 27, 158
"/Users/fangshuai/Documents/GitHub/option-qt/production/preprocess/backtest/tools/s4_run_historical_replay.py", "Python", 255, 0, 0, 0, 0, 0, 0, 0, 0, 63, 56, 374
"/Users/fangshuai/Documents/GitHub/option-qt/production/preprocess/backtest/tools/s4_run_historical_replay_1m.py", "Python", 162, 0, 0, 0, 0, 0, 0, 0, 0, 21, 43, 226
"/Users/fangshuai/Documents/GitHub/option-qt/production/preprocess/backtest/tools/s4_run_historical_replay_baseline.py", "Python", 253, 0, 0, 0, 0, 0, 0, 0, 0, 63, 56, 372
"/Users/fangshuai/Documents/GitHub/option-qt/production/preprocess/backtest/tools/s4_run_historical_replay_ret.py", "Python", 182, 0, 0, 0, 0, 0, 0, 0, 0, 54, 41, 277
"/Users/fangshuai/Documents/GitHub/option-qt/production/preprocess/backtest/tools/s4_run_liver_replay_1s.py", "Python", 266, 0, 0, 0, 0, 0, 0, 0, 0, 14, 67, 347
"/Users/fangshuai/Documents/GitHub/option-qt/production/preprocess/backtest/tools/s5_high_fidelity_replay.py", "Python", 46, 0, 0, 0, 0, 0, 0, 0, 0, 20, 14, 80
"/Users/fangshuai/Documents/GitHub/option-qt/production/preprocess/backtest/tools/s5_new_delta_duckdb_builder_final_test_new.py", "Python", 954, 0, 0, 0, 0, 0, 0, 0, 0, 1013, 226, 2193
"/Users/fangshuai/Documents/GitHub/option-qt/production/preprocess/backtest/verify_bt_parity.py", "Python", 84, 0, 0, 0, 0, 0, 0, 0, 0, 11, 17, 112
"/Users/fangshuai/Documents/GitHub/option-qt/production/preprocess/backtest/verify_data_parity.py", "Python", 78, 0, 0, 0, 0, 0, 0, 0, 0, 12, 25, 115
"/Users/fangshuai/Documents/GitHub/option-qt/production/preprocess/backtest/verify_legacy_results.py", "Python", 93, 0, 0, 0, 0, 0, 0, 0, 0, 2, 16, 111
"/Users/fangshuai/Documents/GitHub/option-qt/production/preprocess/download/calc_offline_1s_greeks.py", "Python", 244, 0, 0, 0, 0, 0, 0, 0, 0, 22, 58, 324
"/Users/fangshuai/Documents/GitHub/option-qt/production/preprocess/download/step1_build_target_map.py", "Python", 157, 0, 0, 0, 0, 0, 0, 0, 0, 59, 56, 272
"/Users/fangshuai/Documents/GitHub/option-qt/production/preprocess/download/step2_ibkr_second_sniper_v1.py", "Python", 116, 0, 0, 0, 0, 0, 0, 0, 0, 31, 38, 185
"/Users/fangshuai/Documents/GitHub/option-qt/production/preprocess/download/step2_polygon_format_converter.py", "Python", 66, 0, 0, 0, 0, 0, 0, 0, 0, 23, 29, 118
"/Users/fangshuai/Documents/GitHub/option-qt/production/preprocess/download/step2_polygon_min_sniper_v1.py", "Python", 104, 0, 0, 0, 0, 0, 0, 0, 0, 12, 34, 150
"/Users/fangshuai/Documents/GitHub/option-qt/production/preprocess/download/step2_polygon_second_sniper_v1.py", "Python", 265, 0, 0, 0, 0, 0, 0, 0, 0, 40, 62, 367
"/Users/fangshuai/Documents/GitHub/option-qt/production/preprocess/download/step2_polygon_sniper_v7.py", "Python", 115, 0, 0, 0, 0, 0, 0, 0, 0, 30, 35, 180
"/Users/fangshuai/Documents/GitHub/option-qt/production/preprocess/download/step2_thetadata_second_sniper_v1.py", "Python", 247, 0, 0, 0, 0, 0, 0, 0, 0, 47, 76, 370
"/Users/fangshuai/Documents/GitHub/option-qt/production/preprocess/download/step2_thetadata_sniper_v6.py", "Python", 123, 0, 0, 0, 0, 0, 0, 0, 0, 17, 35, 175
"/Users/fangshuai/Documents/GitHub/option-qt/production/preprocess/download/step3_aggregate_1s_to_1m_options.py", "Python", 254, 0, 0, 0, 0, 0, 0, 0, 0, 25, 63, 342
"/Users/fangshuai/Documents/GitHub/option-qt/production/preprocess/raw_data/download_s3_and_process.py", "Python", 246, 0, 0, 0, 0, 0, 0, 0, 0, 48, 68, 362
"/Users/fangshuai/Documents/GitHub/option-qt/production/preprocess/raw_data/iv_day2month_spnq.py", "Python", 147, 0, 0, 0, 0, 0, 0, 0, 0, 31, 42, 220
"/Users/fangshuai/Documents/GitHub/option-qt/production/preprocess/raw_data/option_cac_day_vectorized.py", "Python", 380, 0, 0, 0, 0, 0, 0, 0, 0, 62, 104, 546
"/Users/fangshuai/Documents/GitHub/option-qt/production/preprocess/raw_data/resample.py", "Python", 201, 0, 0, 0, 0, 0, 0, 0, 0, 20, 53, 274
"/Users/fangshuai/Documents/GitHub/option-qt/production/preprocess/raw_data/resample_new.py", "Python", 222, 0, 0, 0, 0, 0, 0, 0, 0, 31, 56, 309
"/Users/fangshuai/Documents/GitHub/option-qt/production/preprocess/utils/clean_s3_options.py", "Python", 56, 0, 0, 0, 0, 0, 0, 0, 0, 12, 22, 90
"/Users/fangshuai/Documents/GitHub/option-qt/production/preprocess/utils/feature_merge_option_raw.py", "Python", 2220, 0, 0, 0, 0, 0, 0, 0, 0, 996, 857, 4073
"/Users/fangshuai/Documents/GitHub/option-qt/production/preprocess/utils/get_option_ETF.py", "Python", 237, 0, 0, 0, 0, 0, 0, 0, 0, 38, 53, 328
"/Users/fangshuai/Documents/GitHub/option-qt/production/preprocess/utils/get_option_quote.py", "Python", 306, 0, 0, 0, 0, 0, 0, 0, 0, 67, 74, 447
"/Users/fangshuai/Documents/GitHub/option-qt/production/preprocess/utils/get_option_quote_single.py", "Python", 239, 0, 0, 0, 0, 0, 0, 0, 0, 56, 61, 356
"/Users/fangshuai/Documents/GitHub/option-qt/production/preprocess/utils/get_stock_to_pg.py", "Python", 105, 0, 0, 0, 0, 0, 0, 0, 0, 9, 23, 137
"/Users/fangshuai/Documents/GitHub/option-qt/production/preprocess/utils/options_locked_feature.py", "Python", 208, 0, 0, 0, 0, 0, 0, 0, 0, 89, 71, 368
"/Users/fangshuai/Documents/GitHub/option-qt/production/preprocess/utils/polygon_api_quote_builder.py", "Python", 115, 0, 0, 0, 0, 0, 0, 0, 0, 20, 32, 167
"/Users/fangshuai/Documents/GitHub/option-qt/production/preprocess/utils/polygon_quote_s3_builder.py", "Python", 196, 0, 0, 0, 0, 0, 0, 0, 0, 23, 55, 274
"/Users/fangshuai/Documents/GitHub/option-qt/production/preprocess/utils/resample_api.py", "Python", 201, 0, 0, 0, 0, 0, 0, 0, 0, 20, 53, 274
"/Users/fangshuai/Documents/GitHub/option-qt/production/preprocess/utils/s0_create_fast_channel_lmdb_alpha.py", "Python", 260, 0, 0, 0, 0, 0, 0, 0, 0, 46, 82, 388
"/Users/fangshuai/Documents/GitHub/option-qt/production/preprocess/utils/s0_create_slow_channel_lmdb_alpha.py", "Python", 289, 0, 0, 0, 0, 0, 0, 0, 0, 74, 107, 470
"/Users/fangshuai/Documents/GitHub/option-qt/production/preprocess/utils/split_raw_features.py", "Python", 109, 0, 0, 0, 0, 0, 0, 0, 0, 30, 32, 171
"/Users/fangshuai/Documents/GitHub/option-qt/production/preprocess/utils/thetadata_parallel_builder_v4.py", "Python", 125, 0, 0, 0, 0, 0, 0, 0, 0, 22, 41, 188
"/Users/fangshuai/Documents/GitHub/option-qt/production/query_tsla.py", "Python", 29, 0, 0, 0, 0, 0, 0, 0, 0, 0, 8, 37
"/Users/fangshuai/Documents/GitHub/option-qt/production/query_tsla_debug.py", "Python", 15, 0, 0, 0, 0, 0, 0, 0, 0, 28, 3, 46
"/Users/fangshuai/Documents/GitHub/option-qt/production/query_tsla_filters.py", "Python", 27, 0, 0, 0, 0, 0, 0, 0, 0, 2, 8, 37
"/Users/fangshuai/Documents/GitHub/option-qt/production/realtime.md", "Markdown", 0, 21, 0, 0, 0, 0, 0, 0, 0, 0, 2, 23
"/Users/fangshuai/Documents/GitHub/option-qt/production/replay_tsla.py", "Python", 54, 0, 0, 0, 0, 0, 0, 0, 0, 134, 8, 196
"/Users/fangshuai/Documents/GitHub/option-qt/production/scripts/db_cleanup_mar_2026.py", "Python", 49, 0, 0, 0, 0, 0, 0, 0, 0, 11, 17, 77
"/Users/fangshuai/Documents/GitHub/option-qt/production/scripts/inspect_iv_db.py", "Python", 35, 0, 0, 0, 0, 0, 0, 0, 0, 4, 7, 46
"/Users/fangshuai/Documents/GitHub/option-qt/production/scripts/realtime_optimization_plan.md", "Markdown", 0, 43, 0, 0, 0, 0, 0, 0, 0, 0, 16, 59
"/Users/fangshuai/Documents/GitHub/option-qt/production/scripts/shadow_validation_plan.md", "Markdown", 0, 71, 0, 0, 0, 0, 0, 0, 0, 0, 22, 93
"/Users/fangshuai/Documents/GitHub/option-qt/production/scripts/simulation_logic_diff.md", "Markdown", 0, 38, 0, 0, 0, 0, 0, 0, 0, 0, 18, 56
"/Users/fangshuai/Documents/GitHub/option-qt/production/scripts/step_sync_sim_test_plan.md", "Markdown", 0, 52, 0, 0, 0, 0, 0, 0, 0, 0, 18, 70
"/Users/fangshuai/Documents/GitHub/option-qt/production/scripts/test_engine_logical_parity.py", "Python", 229, 0, 0, 0, 0, 0, 0, 0, 0, 37, 61, 327
"/Users/fangshuai/Documents/GitHub/option-qt/production/scripts/test_execution_parity.py", "Python", 212, 0, 0, 0, 0, 0, 0, 0, 0, 10, 43, 265
"/Users/fangshuai/Documents/GitHub/option-qt/production/scripts/test_pnl_consistency.py", "Python", 109, 0, 0, 0, 0, 0, 0, 0, 0, 22, 30, 161
"/Users/fangshuai/Documents/GitHub/option-qt/production/scripts/test_step_sync_bridge.py", "Python", 181, 0, 0, 0, 0, 0, 0, 0, 0, 11, 51, 243
"/Users/fangshuai/Documents/GitHub/option-qt/production/scripts/verify_alpha_consistency.py", "Python", 60, 0, 0, 0, 0, 0, 0, 0, 0, 5, 17, 82
"/Users/fangshuai/Documents/GitHub/option-qt/production/scripts/verify_strategy_playback_sqlite.py", "Python", 127, 0, 0, 0, 0, 0, 0, 0, 0, 27, 38, 192
"/Users/fangshuai/Documents/GitHub/option-qt/production/scripts/verify_trade_consistency.py", "Python", 59, 0, 0, 0, 0, 0, 0, 0, 0, 9, 19, 87
"/Users/fangshuai/Documents/GitHub/option-qt/production/test_spy_qqq.py", "Python", 10, 0, 0, 0, 0, 0, 0, 0, 0, 1, 3, 14
"/Users/fangshuai/Documents/GitHub/option-qt/production/tests/audit_parity_v8.py", "Python", 79, 0, 0, 0, 0, 0, 0, 0, 0, 23, 19, 121
"/Users/fangshuai/Documents/GitHub/option-qt/production/tests/compare_engines.py", "Python", 83, 0, 0, 0, 0, 0, 0, 0, 0, 53, 33, 169
"/Users/fangshuai/Documents/GitHub/option-qt/production/tests/debug_alpha_logs_1s.py", "Python", 31, 0, 0, 0, 0, 0, 0, 0, 0, 6, 11, 48
"/Users/fangshuai/Documents/GitHub/option-qt/production/tests/debug_iv_parity.py", "Python", 14, 0, 0, 0, 0, 0, 0, 0, 0, 4, 5, 23
"/Users/fangshuai/Documents/GitHub/option-qt/production/tests/debug_xom_parity.py", "Python", 110, 0, 0, 0, 0, 0, 0, 0, 0, 13, 26, 149
"/Users/fangshuai/Documents/GitHub/option-qt/production/tests/parity_audit_test_plan.md", "Markdown", 0, 51, 0, 0, 0, 0, 0, 0, 0, 0, 11, 62
"/Users/fangshuai/Documents/GitHub/option-qt/production/tests/parity_test_v8.py", "Python", 103, 0, 0, 0, 0, 0, 0, 0, 0, 17, 30, 150
"/Users/fangshuai/Documents/GitHub/option-qt/production/tests/profile_gpu_engine.py", "Python", 56, 0, 0, 0, 0, 0, 0, 0, 0, 13, 22, 91
"/Users/fangshuai/Documents/GitHub/option-qt/production/tests/test_feature_regression_v8.py", "Python", 81, 0, 0, 0, 0, 0, 0, 0, 0, 8, 15, 104
"/Users/fangshuai/Documents/GitHub/option-qt/production/tests/test_greeks_parity_locator.py", "Python", 82, 0, 0, 0, 0, 0, 0, 0, 0, 0, 27, 109
"/Users/fangshuai/Documents/GitHub/option-qt/production/tests/test_iv_flow_v8.py", "Python", 72, 0, 0, 0, 0, 0, 0, 0, 0, 13, 17, 102
"/Users/fangshuai/Documents/GitHub/option-qt/production/tests/test_persistence_v8.py", "Python", 49, 0, 0, 0, 0, 0, 0, 0, 0, 8, 19, 76
"/Users/fangshuai/Documents/GitHub/option-qt/production/tests/test_strategy_parity.py", "Python", 102, 0, 0, 0, 0, 0, 0, 0, 0, 19, 26, 147
"/Users/fangshuai/Documents/GitHub/option-qt/production/utils/audit_cross_freq_features.py", "Python", 98, 0, 0, 0, 0, 0, 0, 0, 0, 19, 29, 146
"/Users/fangshuai/Documents/GitHub/option-qt/production/utils/audit_fcs_aggregation.py", "Python", 100, 0, 0, 0, 0, 0, 0, 0, 0, 11, 29, 140
"/Users/fangshuai/Documents/GitHub/option-qt/production/utils/audit_fcs_lite.py", "Python", 51, 0, 0, 0, 0, 0, 0, 0, 0, 6, 14, 71
"/Users/fangshuai/Documents/GitHub/option-qt/production/utils/audit_option_composition.py", "Python", 39, 0, 0, 0, 0, 0, 0, 0, 0, 4, 12, 55
"/Users/fangshuai/Documents/GitHub/option-qt/production/utils/audit_option_parity.py", "Python", 40, 0, 0, 0, 0, 0, 0, 0, 0, 5, 13, 58
"/Users/fangshuai/Documents/GitHub/option-qt/production/utils/audit_option_source_systematic.py", "Python", 29, 0, 0, 0, 0, 0, 0, 0, 0, 3, 9, 41
"/Users/fangshuai/Documents/GitHub/option-qt/production/utils/greeks_math.py", "Python", 104, 0, 0, 0, 0, 0, 0, 0, 0, 35, 29, 168
"/Users/fangshuai/Documents/GitHub/option-qt/production/utils/reaggregate_1m_baseline.py", "Python", 76, 0, 0, 0, 0, 0, 0, 0, 0, 12, 24, 112
"/Users/fangshuai/Documents/GitHub/option-qt/production/utils/serialization_utils.py", "Python", 45, 0, 0, 0, 0, 0, 0, 0, 0, 15, 8, 68
"/Users/fangshuai/Documents/GitHub/option-qt/production/utils/test_feature_parity.py", "Python", 126, 0, 0, 0, 0, 0, 0, 0, 0, 15, 36, 177
"/Users/fangshuai/Documents/GitHub/option-qt/production/verify_iv_inputs_real.py", "Python", 61, 0, 0, 0, 0, 0, 0, 0, 0, 19, 20, 100
"/Users/fangshuai/Documents/GitHub/option-qt/pyproject.toml", "toml", 0, 0, 4, 0, 0, 0, 0, 0, 0, 0, 2, 6
"/Users/fangshuai/Documents/GitHub/option-qt/resume.css", "PostCSS", 0, 0, 0, 129, 0, 0, 0, 0, 0, 7, 24, 160
"/Users/fangshuai/Documents/GitHub/option-qt/resume.html", "HTML", 0, 0, 0, 0, 485, 0, 0, 0, 0, 3, 1, 489
"/Users/fangshuai/Documents/GitHub/option-qt/resume.md", "Markdown", 0, 243, 0, 0, 0, 0, 0, 0, 0, 0, 167, 410
"/Users/fangshuai/Documents/GitHub/option-qt/resume_preview.html", "HTML", 0, 0, 0, 0, 497, 0, 0, 0, 0, 0, 26, 523
"/Users/fangshuai/Documents/GitHub/option-qt/resume_styled.html", "HTML", 0, 0, 0, 0, 356, 0, 0, 0, 0, 3, 1, 360
"/Users/fangshuai/Documents/GitHub/option-qt/run_check.py", "Python", 1, 0, 0, 0, 0, 0, 0, 0, 0, 0, 1, 2
"/Users/fangshuai/Documents/GitHub/option-qt/task.md", "Markdown", 0, 23, 0, 0, 0, 0, 0, 0, 0, 0, 7, 30
"/Users/fangshuai/Documents/GitHub/option-qt/unit_test_iv_parity.py", "Python", 48, 0, 0, 0, 0, 0, 0, 0, 0, 9, 14, 71
"/Users/fangshuai/Documents/GitHub/option-qt/unit_test_production_parity.py", "Python", 70, 0, 0, 0, 0, 0, 0, 0, 0, 15, 17, 102
"/Users/fangshuai/Documents/GitHub/option-qt/verify_1s_iv_from_db_raw.py", "Python", 61, 0, 0, 0, 0, 0, 0, 0, 0, 12, 18, 91
"/Users/fangshuai/Documents/GitHub/option-qt/verify_iv_inputs_real.py", "Python", 42, 0, 0, 0, 0, 0, 0, 0, 0, 6, 13, 61
"/Users/fangshuai/Documents/GitHub/option-qt/walkthrough.md", "Markdown", 0, 23, 0, 0, 0, 0, 0, 0, 0, 0, 10, 33
"/Users/fangshuai/Documents/GitHub/option-qt/架构.md", "Markdown", 0, 73, 0, 0, 0, 0, 0, 0, 0, 0, 0, 73
"Total", "-", 49581, 1005, 4, 129, 1338, 34, 319, 733, 2, 14731, 13695, 81571